,id_hasil_model,id_review,nama,tanggal,review,label
0,12,43,ivan,2024-01-04,jelek sekali,5
1,13,1,Ivan,2024-01-04,	pada tes color plates test kenapa saya selalu mendapatkan      padahal jawaban saya sudah sesuai dengan jawaban check answer dan sudah saya coba segala jawaban dan tetap mendapatkan hasil    	,5
2,14,2,Ivan,2024-01-04,	ini bagus buat memperbaiki mata tapi kalo bisa bahasa indonesia aja kalo buat angka masih ngerti kalo bahasa inggrisnya tapi kalo yg lain maaih bisa sedikit ngerti klo bisa di ubah bahasa indonesia aja	,4
3,15,3,Ivan,2024-01-04,	saya sih gak buta warna  tapi makin kedepan lvlnya gambarnya malah makin gak jelas  gak jelasnya bkn soal buta warna tapi makin aneh  susah jelasinnya	,5
4,16,4,Ivan,2024-01-04,	coba mengerjakan ishihara test sambil menggunakan fitur  check answer   semuanya  normal view  tapi skor akhir selalu    	,5
5,17,5,Ivan,2024-01-04,	tolong aturin pake bahasa indonesia	,5
6,18,6,Ivan,2024-01-04,	sangat baik buat test buta warna  lengkap	,5
7,19,7,Ivan,2024-01-04,	fungsi benar apa tidak hasil tes warna	,5
8,20,8,Ivan,2024-01-04,	pada awal nya aku udah nyerah karna gagal tes buta warna padahal aku bisa tau warna apa saja yang aku lihat tapi setelah di liat liat ternyata aku bisa benar kata ibuku kamu gak buta warna cuman kamu nya aja yang belum ngerti thanks my mother 	,5
9,21,9,Ivan,2024-01-04,	bisa liat gak kalo gak berarti katarak	,5
10,22,10,Ivan,2024-01-04,	terimakasih aplikasinya sangat membantu	,5
11,23,11,Ivan,2024-01-04,	kok gk bisa d buka tolong dong tolong	,5
12,24,12,Ivan,2024-01-04,	aplikasi yang banyak manfaat sekali	,5
13,25,13,Ivan,2024-01-04,	game ini bagus	,5
14,26,14,Ivan,2024-01-04,	ini sangat menghibur hati   	,5
15,27,15,Ivan,2024-01-04,	sangat membantu 	,5
16,28,16,Ivan,2024-01-04,	bagus top top topik  	,5
17,29,17,Ivan,2024-01-04,	howak ges jangn download	,5
18,30,18,Ivan,2024-01-04,	doakan saya semoga bisa menjawab tes buta warna	,5
19,31,19,Ivan,2024-01-04,	kalo bw emg kaga enak yak	,5
20,32,20,Ivan,2024-01-04,	bahasanya cuk   	,5
21,33,21,Ivan,2024-01-04,	saya kasih tiga dulu deh	,5
22,34,22,Ivan,2024-01-04,	aku mengalami buta warna	,5
23,35,23,Ivan,2024-01-04,	lumayan ini mah 	,5
24,36,24,Ivan,2024-01-04,	gorengan enak pake saos	,5
25,37,25,Ivan,2024-01-04,	good	,5
26,38,26,Ivan,2024-01-04,	ok	,5
27,39,27,Ivan,2024-01-04,	bagus  	,5
28,40,28,Ivan,2024-01-04,	cukup baguslah	,5
29,41,29,Ivan,2024-01-04,	baguss banget	,5
30,42,30,Ivan,2024-01-04,	bagus	,5
31,43,31,Ivan,2024-01-04,	lumayan	,5
32,44,32,Ivan,2024-01-04,	that was nice	,5
33,45,33,Ivan,2024-01-04,	ok	,5
34,46,34,Ivan,2024-01-04,	very good 	,5
35,47,35,Ivan,2024-01-04,	i dont rate   stars because i think that ishihara test number plates   and   is wrong answer choise  please check   thks	,4
36,48,36,Ivan,2024-01-04,	lumayan memukau	,5
37,49,37,Ivan,2024-01-04,	nice	,5
38,50,38,Ivan,2024-01-04,	nice	,5
39,51,39,Ivan,2024-01-04,	kren	,5
40,52,40,Ivan,2024-01-04,	kehceheeeee	,5
41,53,41,Ivan,2024-01-04,	good	,5
42,54,42,Ivan,2024-01-04,	good	,5
43,55,43,Ivan,2024-01-04,	keren banget	,5
44,56,44,Ivan,2024-01-04,	sangat berguna untuk test buta warna  test penglihatan mata	,5
45,57,45,Ivan,2024-01-04,	mantap nih tapi tambahin lagi jangan sampe   aja	,5
46,58,46,Ivan,2024-01-04,	bagus  tapi kok sampek   saja    tolong dong ditambahin     arigato	,5
47,59,47,Ivan,2024-01-04,	boleh lahh	,5
48,60,48,Ivan,2024-01-04,	banyak iklan	,5
49,61,49,Ivan,2024-01-04,	iklan semua	,5
50,62,50,Ivan,2024-01-04,	good	,5
51,63,51,Ivan,2024-01-04,	kok test plate nya sampai   gak lebih toling dikasih banyak yang membuat app ini    ,5
52,64,52,Ivan,2024-01-04,	mantap	,5
53,65,53,Ivan,2024-01-04,	coba dulu tar klo bgus di tambah bintang nya	,5
54,66,54,Ivan,2024-01-04,	lumayan bagus   	,5
55,67,55,Ivan,2024-01-04,	lumayan	,5
56,68,56,Ivan,2024-01-04,	good app  	,5
57,69,57,Ivan,2024-01-04,	mntap	,5
58,70,58,Ivan,2024-01-04,	udah lumayan bagus buat ngetes ketajaman mata	,5
59,71,59,Ivan,2024-01-04,	bagua buat orng yg pny buta warna   	,5
60,72,60,Ivan,2024-01-04,	good	,5
61,73,61,Ivan,2024-01-04,	sippp	,5
62,74,62,Ivan,2024-01-04,	tambahkan lagi   	,5
63,75,63,Ivan,2024-01-04,	good	,5
64,76,64,Ivan,2024-01-04,	keren	,5
65,77,65,Ivan,2024-01-04,	sip	,5
66,78,66,Ivan,2024-01-04,	direkomendasikan	,5
67,79,67,Ivan,2024-01-04,	thanks	,5
68,80,68,Ivan,2024-01-04,	di coba dululah baru tambah bintang	,5
69,81,69,Ivan,2024-01-04,	mudah di pahami dan digunakan  sekaligus ada jawaban dan penjelasan singkat   plus angka tanpa background utk memperjelas jawaban	,5
70,82,70,Ivan,2024-01-04,	bagus banget karena bisa getes mata aku  	,5
71,83,71,Ivan,2024-01-04,	lumayan sih   	,5
72,84,72,Ivan,2024-01-04,	untuk versi yg lawas	,4
73,85,73,Ivan,2024-01-04,	terima kasih semoga bermanfaat apk ya	,5
74,86,74,Ivan,2024-01-04,	di colok mata a biar jreng	,5
75,87,75,Ivan,2024-01-04,	hebat	,5
76,88,76,Ivan,2024-01-04,	membantu	,5
77,89,77,Ivan,2024-01-04,	bagusss	,5
78,90,78,Ivan,2024-01-04,	sangat membantu saya sekali	,5
79,91,79,Ivan,2024-01-04,	is the best c	,5
80,92,80,Ivan,2024-01-04,	mata jadi kinclong	,5
81,93,81,Ivan,2024-01-04,	barmanfaat bagi banget	,5
82,94,82,Ivan,2024-01-04,	nice	,5
83,95,83,Ivan,2024-01-04,	membantu	,5
84,96,84,Ivan,2024-01-04,	sip	,5
85,97,85,Ivan,2024-01-04,	good	,5
86,98,86,Ivan,2024-01-04,	tapz	,5
87,99,87,Ivan,2024-01-04,	suka	,5
88,100,88,Ivan,2024-01-04,	ok	,5
89,101,89,Ivan,2024-01-04,	siip lah	,5
90,102,90,Ivan,2024-01-04,	josss  sangat mantap  khususnya bagi yg bekerja sebagai desainer grafis  recommended     terima kasih pada developer apk ini  saya do akan  semoa developer apk ini  senantiasa sehat wal afiat  lancar rejekinya  aamin ya rabb  	,5
91,103,91,Ivan,2024-01-04,	aplikasi inilah yang dari dulu saya cari cari akhirnya ketemu    thanks to developer sadens studio	,5
92,104,92,Ivan,2024-01-04,	sangat membantu buat yang mengalami buta warna	,5
93,105,93,Ivan,2024-01-04,	sangat membantu bagi kami yang buta warna	,5
94,106,94,Ivan,2024-01-04,	sangat membantu bagi yang buta warna	,5
95,107,95,Ivan,2024-01-04,	topi topi topi mulu iklannya  topi topi topi suara iklannya vflat terus	,5
96,108,96,Ivan,2024-01-04,	keren banget aplikasi	,5
97,109,97,Ivan,2024-01-04,	pendeteksi warna 	,5
98,110,98,Ivan,2024-01-04,	belum saya coba	,5
99,111,99,Ivan,2024-01-04,	gud	,5
100,112,100,Ivan,2024-01-04,	apk pelit	,5
101,113,101,Ivan,2024-01-04,	coba dulu	,5
102,114,102,Ivan,2024-01-04,	color detector         	,5
103,115,103,Ivan,2024-01-04,	mantaa  bb  good	,5
104,116,104,Ivan,2024-01-04,	helpfully for color blind	,5
105,117,105,Ivan,2024-01-04,	suck	,5
106,118,106,Ivan,2024-01-04,	oke	,5
107,119,107,Ivan,2024-01-04,	oke	,5
108,120,108,Ivan,2024-01-04,	suhidsfikri	,5
109,121,109,Ivan,2024-01-04,	mantuuuul	,5
110,122,110,Ivan,2024-01-04,	thanks  this application is very helpful  success for you	,5
111,123,111,Ivan,2024-01-04,	sippp	,5
112,124,112,Ivan,2024-01-04,	every fkn colour is grey	,5
113,125,113,Ivan,2024-01-04,	great	,5
114,126,114,Ivan,2024-01-04,	ok cba dlu   bntang sja	,5
115,127,115,Ivan,2024-01-04,	there are different for the real color and the camera sigth due to light outside 	,5
116,128,116,Ivan,2024-01-04,	bagus	,5
117,129,117,Ivan,2024-01-04,	apk ini berguna bagi gw  karna  ya karna buat nge grab color  contoh nya utk yg mau buat skin  cosplay  di suatu game  dll  yg blg kgk guna  gaush di download lh  ribet bgt hidup lo  	,5
118,130,118,Ivan,2024-01-04,	ini sangat bagus untuk melukis karena bisa meniru warna asli pemandangan   terimakasih buat yang sudah bikin aplikasinya	,5
119,131,119,Ivan,2024-01-04,	selama ini ane pake color picker  ahirnya nemu juga apk yg lengkap kaya color grab ini  mantuuulll 	,5
120,132,120,Ivan,2024-01-04,	aplikasi ini sangat berguna dalam membaca warna  sayangnya belum ada fitur untuk membandingkan warna	,5
121,133,121,Ivan,2024-01-04,	aplikasi ini bagus banget untuk mengidentifikasi warna dan koleksi warnanya sangat lengkap 	,5
122,134,122,Ivan,2024-01-04,	sangat membantu pekerjaan saya untuk memilih warna  yang pas dan sesuai dengan warna yang lama	,5
123,135,123,Ivan,2024-01-04,	bagus banget aplikasi nya akhir nya bisa buat editan dari foto	,5
124,136,124,Ivan,2024-01-04,	aplikasi ini sangat berguna dan terimakasih  saya lebih dipermudah dalam mencari code warna mantap    	,5
125,137,125,Ivan,2024-01-04,	terimakasih sangat membantu tapi masih agak bingung karna pakek bahasa inggris hehe	,5
126,138,126,Ivan,2024-01-04,	berguna banget buat gue yg suka gambar tapi ga punya color palette yang banyak    	,5
127,139,127,Ivan,2024-01-04,	terimakasih  sudah membantu saya mengetahui warna lebih detail  aplikasi keren  bermanfaat  berfaedah  silakan di download	,5
128,140,128,Ivan,2024-01-04,	aplikasi ini bener bener bagus banget bisa kasih tau nama warna juga hex code	,5
129,141,129,Ivan,2024-01-04,	sangat bermanfaat bagi pelukis artist untuk belajar warna	,5
130,142,130,Ivan,2024-01-04,	bagus banget     masukan   sediakan pengaturan bahasa indonesia   	,5
131,143,131,Ivan,2024-01-04,	bagus buat warna  walau agak susah buat make aplikasinya di first time	,5
132,144,132,Ivan,2024-01-04,	deteksi warna terbaik  	,5
133,145,133,Ivan,2024-01-04,	berguna bgt   buat konten skin wkwk   nentuin warnanya jd gampang  	,5
134,146,134,Ivan,2024-01-04,	apk color picker terbaik  fitur lengkap banget  	,5
135,147,135,Ivan,2024-01-04,	sangat bagus sebenarnya saya direkomendasikan oleh guru kesenian saya uztadz wendy terima kasih color grab   	,5
136,148,136,Ivan,2024-01-04,	ribeeeet euuuy   mo cari yg gampang mlh pusing  uninstalll	,5
137,149,137,Ivan,2024-01-04,	sangat berguna untuk mendeteksi warna yang di inginkan 	,5
138,150,138,Ivan,2024-01-04,	bagus sihh  cuman sayang gak pakek bahasa indonesianya	,5
139,151,139,Ivan,2024-01-04,	jangan coba  instal deh asli enek banget di buatnya  buang  kuota   	,5
140,152,140,Ivan,2024-01-04,	sangat membantu untuk mixing color	,5
141,153,141,Ivan,2024-01-04,	sangat berguna untuk mengambil warna dari objek di sekitar	,5
142,154,142,Ivan,2024-01-04,	aplikasi nya bagus   cocok buat yang buta warna	,5
143,155,143,Ivan,2024-01-04,	sangat membantu dalam pekerjaan	,5
144,156,144,Ivan,2024-01-04,	mudah dan detail	,5
145,157,145,Ivan,2024-01-04,	baru mau make tp baca ulasan yg sudah make sepertinya mantul yah	,5
146,158,146,Ivan,2024-01-04,	aplikasi komtol gua gabisa basa enggres malah dikasi bahasa enggres amjink emang aplikasi glbokbaby	,5
147,159,147,Ivan,2024-01-04,	bagus dan mudah digunakan	,5
148,160,148,Ivan,2024-01-04,	aplikasi sangat berguna sekali bagi orang seperti saya yang mengalami buta warna	,5
149,161,149,Ivan,2024-01-04,	cocok untuk memilih cat mobil	,5
150,162,150,Ivan,2024-01-04,	aplikasi ini sangat membantu bagi penderita buta warna  paman coki harus coba aplikasi ini 	,5
151,163,151,Ivan,2024-01-04,	mantap   bisa deteksi warna yg di inginkan	,5
152,164,152,Ivan,2024-01-04,	sampah  yang bilang bagus adalah org yang bosen idup  coba aja sendiri  tapi jangan marah kalo lu download pake kuota  terus kuota lu didrainesse	,5
153,165,153,Ivan,2024-01-04,	baguss  apk nya membantu	,5
154,166,154,Ivan,2024-01-04,	bagus bgt buat bikin oc buat cosplay  	,5
155,167,155,Ivan,2024-01-04,	sy kasih   bintang sekalulipun sy buta tombol selalu sy mencari tombol yg pas 	,5
156,168,156,Ivan,2024-01-04,	saya kasih bintang   karna aplikasi ini sangat membantu saya thaks you   	,5
157,169,157,Ivan,2024-01-04,	saya buta warna parsial  aplikasi ini membantu saya dalam dalam grading foto atau pun video	,5
158,170,158,Ivan,2024-01-04,	bagus indah mmpesona  	,5
159,171,159,Ivan,2024-01-04,	gak ada bahasa indonesia	,5
160,172,160,Ivan,2024-01-04,	bagus  cuman cara simpannya ada yang tau ndak masuk mana 	,5
161,173,161,Ivan,2024-01-04,	sangat berguna untuk saya  terimakasih 	,5
162,174,162,Ivan,2024-01-04,	baguss  apk nya sngt membantu	,5
163,175,163,Ivan,2024-01-04,	semua bisa di warnai pewarna lengkap	,5
164,176,164,Ivan,2024-01-04,	bagus sekali pas saya main seruh	,5
165,177,165,Ivan,2024-01-04,	kebantu banget buat yang buta warna	,5
166,178,166,Ivan,2024-01-04,	uni instal ngk ngerti pke apk ini rugi paket	,5
167,179,167,Ivan,2024-01-04,	sangat bagus apk nya	,5
168,180,168,Ivan,2024-01-04,	ribet banget gk ngerti pakenya 	,5
169,181,169,Ivan,2024-01-04,	mf sy uninstal  krn tdk berfungsi dhp sy	,5
170,182,170,Ivan,2024-01-04,	enggak bisa makai ngak paham bahasanya	,5
171,183,171,Ivan,2024-01-04,	narik kauta nya banyak bat ga seperti yang di terang kan	,5
172,184,172,Ivan,2024-01-04,	tak cobk dulu klu bagus tak ksh bintang lima	,5
173,185,173,Ivan,2024-01-04,	cara nya ga ngerti bos	,5
174,186,174,Ivan,2024-01-04,	wow saya suka apl nya   	,5
175,187,175,Ivan,2024-01-04,	lagi coba   kelihatannya akurat	,5
176,188,176,Ivan,2024-01-04,	mantap aplilasinya 	,5
177,189,177,Ivan,2024-01-04,	sangat bermanfaat	,5
178,190,178,Ivan,2024-01-04,	sangat membantu	,5
179,191,179,Ivan,2024-01-04,	keren aplikasinya  	,5
180,192,180,Ivan,2024-01-04,	aplikasi ini membantu	,5
181,193,181,Ivan,2024-01-04,	mantappppppp  sangat membantu     	,5
182,194,182,Ivan,2024-01-04,	jangan didownload aplikasi goblog	,5
183,195,183,Ivan,2024-01-04,	tambah fitur daftar nama warna lengkap sesuai kode hex	,5
184,196,184,Ivan,2024-01-04,	membantu saya menemukan kode warna	,5
185,197,185,Ivan,2024-01-04,	blom tahu krn blom ada buktinya	,5
186,198,186,Ivan,2024-01-04,	  dulu ya karna baru nyoba	,5
187,199,187,Ivan,2024-01-04,	ok sesuai keinginan	,5
188,200,188,Ivan,2024-01-04,	aku suka kamu makasih	,5
189,201,189,Ivan,2024-01-04,	ruwet ga jelas	,5
190,202,190,Ivan,2024-01-04,	good apk  help you to find and know what colour around you   	,5
191,203,191,Ivan,2024-01-04,	wooow    im late to knowing this app	,5
192,204,192,Ivan,2024-01-04,	as someone who is color blind this app is very helpful	,5
193,205,193,Ivan,2024-01-04,	a good app  enjoying it so far	,5
194,206,194,Ivan,2024-01-04,	oke	,5
195,207,195,Ivan,2024-01-04,	  mantap	,5
196,208,196,Ivan,2024-01-04,	apk sampah	,5
197,209,197,Ivan,2024-01-04,	sangat bermanfaat   	,5
198,210,198,Ivan,2024-01-04,	the best lah   	,5
199,211,199,Ivan,2024-01-04,	great   	,5
200,212,200,Ivan,2024-01-04,	maaf	,5
201,213,201,Ivan,2024-01-04,	bagus	,5
202,214,202,Ivan,2024-01-04,	ok	,5
203,215,203,Ivan,2024-01-04,	bgus	,5
204,216,204,Ivan,2024-01-04,	oke	,5
205,217,205,Ivan,2024-01-04,	cool	,5
206,218,206,Ivan,2024-01-04,	good 	,5
207,219,207,Ivan,2024-01-04,	perfect this app thanks	,5
208,220,208,Ivan,2024-01-04,	excellent app	,5
209,221,209,Ivan,2024-01-04,	sagat bagus	,5
210,222,210,Ivan,2024-01-04,	love it	,5
211,223,211,Ivan,2024-01-04,	bagus banget	,5
212,224,212,Ivan,2024-01-04,	very useful	,5
213,225,213,Ivan,2024-01-04,	nice apk	,5
214,226,214,Ivan,2024-01-04,	mantap   	,5
215,227,215,Ivan,2024-01-04,	bagus   	,5
216,228,216,Ivan,2024-01-04,	tanpa iklan   no ads  usefull     	,5
217,229,217,Ivan,2024-01-04,	the best app  thank dev	,5
218,230,218,Ivan,2024-01-04,	mantul	,5
219,231,219,Ivan,2024-01-04,	good	,5
220,232,220,Ivan,2024-01-04,	ok bangggggettt	,5
221,233,221,Ivan,2024-01-04,	ribet	,5
222,234,222,Ivan,2024-01-04,	mantaf	,5
223,235,223,Ivan,2024-01-04,	ok	,5
224,236,224,Ivan,2024-01-04,	very good	,5
225,237,225,Ivan,2024-01-04,	good app	,5
226,238,226,Ivan,2024-01-04,	thank you for the application you made  very helpful in my life  because i have partial color blindness 	,5
227,239,227,Ivan,2024-01-04,	take pict fitur not added   	,5
228,240,228,Ivan,2024-01-04,	aplikasi apa yg bs scan speck warna metalic   ada yg bs bantu  	,5
229,241,229,Ivan,2024-01-04,	i love this app  it helps me find the beautiful color and so i can improve my paintings especially on digital painting	,5
230,242,230,Ivan,2024-01-04,	kerenn  thanks for making this awesome app	,5
231,243,231,Ivan,2024-01-04,	keren saya jadi hapal warna warna dengan cepat	,5
232,244,232,Ivan,2024-01-04,	mudah mudahan bermanfaat	,5
233,245,233,Ivan,2024-01-04,	great  thanks to developer	,5
234,246,234,Ivan,2024-01-04,	pintar  keren banget	,5
235,247,235,Ivan,2024-01-04,	good app   	,5
236,248,236,Ivan,2024-01-04,	lumayan	,5
237,249,237,Ivan,2024-01-04,	nice	,5
238,250,238,Ivan,2024-01-04,	tes dulu	,5
239,251,239,Ivan,2024-01-04,	amazing moment	,5
240,252,240,Ivan,2024-01-04,	keren banget   	,5
241,253,241,Ivan,2024-01-04,	very helpful 	,5
242,254,242,Ivan,2024-01-04,	good   	,5
243,255,243,Ivan,2024-01-04,	sangat membantu  	,5
244,256,244,Ivan,2024-01-04,	bagus bangett   	,5
245,257,245,Ivan,2024-01-04,	aplikasinya bagus 	,5
246,258,246,Ivan,2024-01-04,	sempurna     	,5
247,259,247,Ivan,2024-01-04,	usefull for colour mixing	,5
248,260,248,Ivan,2024-01-04,	bagus  recommended 	,5
249,261,249,Ivan,2024-01-04,	great	,5
250,262,250,Ivan,2024-01-04,	mantap	,5
251,263,251,Ivan,2024-01-04,	ok	,5
252,264,252,Ivan,2024-01-04,	ok	,5
253,265,253,Ivan,2024-01-04,	perfecto	,5
254,266,254,Ivan,2024-01-04,	bermanfaat	,5
255,267,255,Ivan,2024-01-04,	keren	,5
256,268,256,Ivan,2024-01-04,	siipp	,5
257,269,257,Ivan,2024-01-04,	sip	,5
258,270,258,Ivan,2024-01-04,	good	,5
259,271,259,Ivan,2024-01-04,	keren	,5
260,272,260,Ivan,2024-01-04,	aplikasi bagus	,5
261,273,261,Ivan,2024-01-04,	good aps	,5
262,274,262,Ivan,2024-01-04,	sukak banget	,5
263,275,263,Ivan,2024-01-04,	ok bagus	,5
264,276,264,Ivan,2024-01-04,	ok banget	,5
265,277,265,Ivan,2024-01-04,	aplikasi pendeteksi dan harmoni warna paling bagus    terbaik      sukses   	,5
266,278,266,Ivan,2024-01-04,	good combination for design	,5
267,279,267,Ivan,2024-01-04,	bagus tapi hanya untuk kebutuhan digital  tolong dapat tambahkan pantone color guard untuk kebutuhan cetak 	,5
268,280,268,Ivan,2024-01-04,	tes dulu	,5
269,281,269,Ivan,2024-01-04,	stupid	,5
270,282,270,Ivan,2024-01-04,	alhamdulillah sangat membantu  alhamdulillah sangat membantu	,5
271,283,271,Ivan,2024-01-04,	lumayan ngebantu	,5
272,284,272,Ivan,2024-01-04,	cocok buat yg buta warna  gak hapal beberapa warna campuran  atau untuk mencari inspirasi warna di sekitar bagi seniman desainer grafis 	,5
273,285,273,Ivan,2024-01-04,	preety cool app         	,5
274,286,274,Ivan,2024-01-04,	    you make my world so colorfull 	,5
275,287,275,Ivan,2024-01-04,	sangat membantu good job thanks	,5
276,288,276,Ivan,2024-01-04,	mantap untuk pelukis yang sulit dapatkan warna 	,5
277,289,277,Ivan,2024-01-04,	sangat membantu dlm pekerjaan  wokeeeey       	,5
278,290,278,Ivan,2024-01-04,	sip	,5
279,291,279,Ivan,2024-01-04,	keren	,5
280,292,280,Ivan,2024-01-04,	ini cara pakenya g mn ya	,5
281,293,281,Ivan,2024-01-04,	ini aplikasi sangat akurat	,5
282,294,282,Ivan,2024-01-04,	thanks  this app so usefull 	,5
283,295,283,Ivan,2024-01-04,	great app 	,5
284,296,284,Ivan,2024-01-04,	awesome	,5
285,297,285,Ivan,2024-01-04,	please make  delta e colour difference    it would be more excelent	,5
286,298,286,Ivan,2024-01-04,	very good	,5
287,299,287,Ivan,2024-01-04,	bagus	,5
288,300,288,Ivan,2024-01-04,	very very good	,5
289,301,289,Ivan,2024-01-04,	good	,5
290,302,290,Ivan,2024-01-04,	keren	,5
291,303,291,Ivan,2024-01-04,	sep	,5
292,304,292,Ivan,2024-01-04,	kerennnn	,5
293,305,293,Ivan,2024-01-04,	more	,5
294,306,294,Ivan,2024-01-04,	why you didn t add copy color code   it s so important since color code hard to remember	,5
295,307,295,Ivan,2024-01-04,	saya kasih   dulu nanti kalok hasilnya sip saya tambah	,5
296,308,296,Ivan,2024-01-04,	good app  waiting import from photo feature and then   star	,5
297,309,297,Ivan,2024-01-04,	awas jelek bakal gue rendahin aplikasih ini	,5
298,310,298,Ivan,2024-01-04,	baru nyoba download liat nanti  	,5
299,311,299,Ivan,2024-01-04,	tolong tambahkan pantone untuk warna cetak	,5
300,312,300,Ivan,2024-01-04,	sulit dimengerti sumpah  susah banget  v	,5
301,313,301,Ivan,2024-01-04,	bagus buat yg disainer kepo	,5
302,314,302,Ivan,2024-01-04,	very helpful for colorblind like me  thanks developer     sangat menolong untuk penderita buta warna seperti saya	,5
303,315,303,Ivan,2024-01-04,	dammit the image load from my device always blank	,5
304,316,304,Ivan,2024-01-04,	thank you  this app very helpfull for me as a partially blindcolor	,5
305,317,305,Ivan,2024-01-04,	ajiib  bisa mencari semua nama warna thank for colorgrab 	,5
306,318,306,Ivan,2024-01-04,	good for tracking colors i wanna use  	,5
307,319,307,Ivan,2024-01-04,	coba dulu deh	,5
308,320,308,Ivan,2024-01-04,	it s very good 	,5
309,321,309,Ivan,2024-01-04,	test dulu   	,5
310,322,310,Ivan,2024-01-04,	nice app  love it     	,5
311,323,311,Ivan,2024-01-04,	ok banget   	,5
312,324,312,Ivan,2024-01-04,	ok	,5
313,325,313,Ivan,2024-01-04,	nice	,5
314,326,314,Ivan,2024-01-04,	mantap amad membantu makasihhhbanyak	,5
315,327,315,Ivan,2024-01-04,	cba dlu	,5
316,328,316,Ivan,2024-01-04,	hhh	,5
317,329,317,Ivan,2024-01-04,	coba dulu	,5
318,330,318,Ivan,2024-01-04,	coba dulu	,5
319,331,319,Ivan,2024-01-04,	ok banget	,5
320,332,320,Ivan,2024-01-04,	apk busuk	,5
321,333,321,Ivan,2024-01-04,	bagus banget sumpah	,5
322,334,322,Ivan,2024-01-04,	siiip	,5
323,335,323,Ivan,2024-01-04,	mantap	,5
324,336,324,Ivan,2024-01-04,	iyalah	,5
325,337,325,Ivan,2024-01-04,	setuju	,5
326,338,326,Ivan,2024-01-04,	mantap	,5
327,339,327,Ivan,2024-01-04,	bagus	,5
328,340,328,Ivan,2024-01-04,	nice	,5
329,341,329,Ivan,2024-01-04,	goood	,5
330,342,330,Ivan,2024-01-04,	wowww hebattttt        	,5
331,343,331,Ivan,2024-01-04,	i love this app	,5
332,344,332,Ivan,2024-01-04,	sangat membantu	,5
333,345,333,Ivan,2024-01-04,	ok baik	,5
334,346,334,Ivan,2024-01-04,	good job	,5
335,347,335,Ivan,2024-01-04,	suka bgtttt	,5
336,348,336,Ivan,2024-01-04,	terus kembangkan	,5
337,349,337,Ivan,2024-01-04,	susah di unduh	,5
338,350,338,Ivan,2024-01-04,	tingkatkan lagi	,5
339,351,339,Ivan,2024-01-04,	nice aplikasi	,5
340,352,340,Ivan,2024-01-04,	like it	,5
341,353,341,Ivan,2024-01-04,	sangat berguna untuk test buta warna  test penglihatan mata	,5
342,354,342,Ivan,2024-01-04,	mantap nih tapi tambahin lagi jangan sampe   aja	,5
343,355,343,Ivan,2024-01-04,	bagus  tapi kok sampek   saja    tolong dong ditambahin     arigato	,5
344,356,344,Ivan,2024-01-04,	boleh lahh	,5
345,357,345,Ivan,2024-01-04,	banyak iklan	,5
346,358,346,Ivan,2024-01-04,	iklan semua	,5
347,359,347,Ivan,2024-01-04,	good	,5
348,360,348,Ivan,2024-01-04,"	kok test plate nya sampai   gak lebih toling dikasih banyak yang membuat 
app ini    	",5
349,361,349,Ivan,2024-01-04,	mantap	,5
350,362,350,Ivan,2024-01-04,	coba dulu tar klo bgus di tambah bintang nya	,5
351,363,351,Ivan,2024-01-04,	lumayan bagus   	,5
352,364,352,Ivan,2024-01-04,	lumayan	,5
353,365,353,Ivan,2024-01-04,	good app  	,5
354,366,354,Ivan,2024-01-04,	mntap	,5
355,367,355,Ivan,2024-01-04,	udah lumayan bagus buat ngetes ketajaman mata	,5
356,368,356,Ivan,2024-01-04,	bagua buat orng yg pny buta warna   	,5
357,369,357,Ivan,2024-01-04,	good	,5
358,370,358,Ivan,2024-01-04,	sippp	,5
359,371,359,Ivan,2024-01-04,	tambahkan lagi   	,5
360,372,360,Ivan,2024-01-04,	good	,5
361,373,361,Ivan,2024-01-04,	keren	,5
362,374,362,Ivan,2024-01-04,	sip	,5
363,375,363,Ivan,2024-01-04,	direkomendasikan	,5
364,376,364,Ivan,2024-01-04,	thanks	,5
365,377,365,Ivan,2024-01-04,	di coba dululah baru tambah bintang	,5
366,378,366,Ivan,2024-01-04,	mudah di pahami dan digunakan  sekaligus ada jawaban dan penjelasan singkat   plus angka tanpa background utk memperjelas jawaban	,5
367,379,367,Ivan,2024-01-04,	bagus banget karena bisa getes mata aku  	,5
368,380,368,Ivan,2024-01-04,	lumayan sih   	,5
369,381,369,Ivan,2024-01-04,	untuk versi yg lawas	,4
370,382,370,Ivan,2024-01-04,	terima kasih semoga bermanfaat apk ya	,5
371,383,371,Ivan,2024-01-04,	di colok mata a biar jreng	,5
372,384,372,Ivan,2024-01-04,	hebat	,5
373,385,373,Ivan,2024-01-04,	membantu	,5
374,386,374,Ivan,2024-01-04,	bagusss	,5
375,387,375,Ivan,2024-01-04,	sangat membantu saya sekali	,5
376,388,376,Ivan,2024-01-04,	is the best c	,5
377,389,377,Ivan,2024-01-04,	mata jadi kinclong	,5
378,390,378,Ivan,2024-01-04,	barmanfaat bagi banget	,5
379,391,379,Ivan,2024-01-04,	nice	,5
380,392,380,Ivan,2024-01-04,	membantu	,5
381,393,381,Ivan,2024-01-04,	sip	,5
382,394,382,Ivan,2024-01-04,	good	,5
383,395,383,Ivan,2024-01-04,	tapz	,5
384,396,384,Ivan,2024-01-04,	suka	,5
385,397,385,Ivan,2024-01-04,	ok	,5
386,398,386,Ivan,2024-01-04,	siip lah	,5
387,399,387,Ivan,2024-01-04,	masih belajar untuk dapt melihat lagi terimakasih untuk mengasah kemampuan sy agar jeli dalam meliht angka dan alur dalam plate yg di sediakan  sngat membantu sy yg mngalami kekurangan	,5
388,400,388,Ivan,2024-01-04,	kalo bisa saran dari saya  untuk test ishihara nya  tlog dibuat cek hasil penglihatan yg bisa dilihat oleh penderita parsial  dengan mengklik tombol cek 	,4
389,401,389,Ivan,2024-01-04,	entah kenapa jawaban sering saya dapatkan di pojok kiri bawah  meskipun tidak seluruhnya tapi karena kebanyakan jadi bisa asal tebak  saja sih	,5
390,402,390,Ivan,2024-01-04,	kalo bisa ada tingkatan nya juga dong  dan lebih banyak lagi tes ishihara nya  agar tidak membosankan 	,5
391,403,391,Ivan,2024-01-04,	app ini sangat bermanfaat sekali untuk belajar menghafal tes buta warna	,5
392,404,392,Ivan,2024-01-04,	sebaiknya dibuat tombol cek  untuk periksa hasil pilihan tombol pada buta warns 	,5
393,405,393,Ivan,2024-01-04,	terjemahan nya enak bgt   apaknya udah bagus	,5
394,406,394,Ivan,2024-01-04,	tolong kasih bahasa indonesia	,5
395,407,395,Ivan,2024-01-04,	bagus untuk tes sehari hari	,5
396,408,396,Ivan,2024-01-04,	sangat bagus aplikasihnya 	,5
397,409,397,Ivan,2024-01-04,	bagus banget rekomen	,5
398,410,398,Ivan,2024-01-04,	sangat membantu	,5
399,411,399,Ivan,2024-01-04,	bagus aplikainya top	,5
400,412,400,Ivan,2024-01-04,	menjawab pertanyaan yang selama ini saya ingin tau	,5
401,413,401,Ivan,2024-01-04,	sangat membantu	,5
402,414,402,Ivan,2024-01-04,	bagus  makasih 	,5
403,415,403,Ivan,2024-01-04,	sangat buruk bintang  	,5
404,416,404,Ivan,2024-01-04,	good	,5
405,417,405,Ivan,2024-01-04,	very good and many thanks	,5
406,418,406,Ivan,2024-01-04,	good	,5
407,419,407,Ivan,2024-01-04,	ok	,5
408,420,408,Ivan,2024-01-04,	godd	,5
409,421,409,Ivan,2024-01-04,	goods	,5
410,422,410,Ivan,2024-01-04,	good	,5
411,423,411,Ivan,2024-01-04,	good	,5
412,424,412,Ivan,2024-01-04,	gut	,5
413,425,413,Ivan,2024-01-04,	good app	,5
414,426,414,Ivan,2024-01-04,	very useful	,5
415,427,415,Ivan,2024-01-04,	nice apps	,5
416,428,416,Ivan,2024-01-04,	keren banget	,5
417,429,417,Ivan,2024-01-04,	windows xp sensor pupil eyes retina seneor sensitif player	,5
418,430,418,Ivan,2024-01-04,	sangat membantu sekali untuk belajar    thanks     	,5
419,431,419,Ivan,2024-01-04,	mantolll	,5
420,432,420,Ivan,2024-01-04,	bagus	,5
421,433,421,Ivan,2024-01-04,	sangat bermanfaat untuk mengasah ketajaman mata 	,5
422,434,422,Ivan,2024-01-04,	sangat bagus untuk tes buta warna pada anak dan dewasa	,5
423,435,423,Ivan,2024-01-04,	baik untuk mengetes buta warna pada mata	,5
424,436,424,Ivan,2024-01-04,	kata temen gua susah  berguna banget buat temen  yg mau test instantsi kedinasan      	,5
425,437,425,Ivan,2024-01-04,	tapi sulit dibuka aplikasinya	,5
426,438,426,Ivan,2024-01-04,	bisa bantu tes mata keren	,5
427,439,427,Ivan,2024-01-04,	bagus tp gatau	,5
428,440,428,Ivan,2024-01-04,	dicoba dulu gaes  	,5
429,441,429,Ivan,2024-01-04,	taii ndak bisa ke buka  	,5
430,442,430,Ivan,2024-01-04,	ndlogok	,5
431,443,431,Ivan,2024-01-04,	bagus saya belum negok tapi dibilang bagus     	,5
432,444,432,Ivan,2024-01-04,	di tes dulu  	,5
433,445,433,Ivan,2024-01-04,	bagus juga	,5
434,446,434,Ivan,2024-01-04,	ok	,5
435,447,435,Ivan,2024-01-04,	good	,5
436,448,436,Ivan,2024-01-04,	suka	,5
437,449,437,Ivan,2024-01-04,	sip	,5
438,450,438,Ivan,2024-01-04,	pusing	,5
439,451,439,Ivan,2024-01-04,	bagus	,5
440,452,440,Ivan,2024-01-04,	ok	,5
441,453,441,Ivan,2024-01-04,	bagus	,5
442,454,442,Ivan,2024-01-04,	ojosss	,5
443,455,443,Ivan,2024-01-04,	enak sih enak dimainkan  cuman   itu kaya    jadi aku salah trus   	,5
444,456,444,Ivan,2024-01-04,"	menurut saya sih jangan sering liat hp karna cahaya hp bisa menyebabkan 
mata minus",5
445,457,445,Ivan,2024-01-04,	sangat menvantu saya untuk melatih test buta warna	,5
446,458,446,Ivan,2024-01-04,	gk bisa gitu aplikasi nya	,5
447,459,447,Ivan,2024-01-04,	kasihb   dlu yya	,5
448,460,448,Ivan,2024-01-04,	force close 	,5
449,461,449,Ivan,2024-01-04,	thanks i like it for app good job 	,5
450,462,450,Ivan,2024-01-04,	membantu   thanks	,5
451,463,451,Ivan,2024-01-04,	bagus	,5
452,464,452,Ivan,2024-01-04,	ziip	,5
453,465,453,Ivan,2024-01-04,	gud jga ea budjank	,5
454,466,454,Ivan,2024-01-04,	baguss kali ya	,5
455,467,455,Ivan,2024-01-04,	bagus banget  	,5
456,468,456,Ivan,2024-01-04,	klau bagia ji	,5
457,469,457,Ivan,2024-01-04,	lmyan	,5
458,470,458,Ivan,2024-01-04,	c 	,5
459,471,459,Ivan,2024-01-04,	nice	,5
460,472,460,Ivan,2024-01-04,	good	,5
461,473,461,Ivan,2024-01-04,	good	,5
462,474,462,Ivan,2024-01-04,	oke	,5
463,475,463,Ivan,2024-01-04,	nice	,5
464,476,464,Ivan,2024-01-04,	bagus	,5
465,477,465,Ivan,2024-01-04,	coba	,5
466,478,466,Ivan,2024-01-04,	oce	,5
467,479,467,Ivan,2024-01-04,	good	,5
468,480,468,Ivan,2024-01-04,	apl ini mantap	,5
469,481,469,Ivan,2024-01-04,	sangat bagus	,5
470,482,470,Ivan,2024-01-04,	cukup mantap	,5
471,483,471,Ivan,2024-01-04,	trima kasih	,5
472,484,472,Ivan,2024-01-04,	thannk you	,5
473,485,473,Ivan,2024-01-04,	kenapa punya saya berhenti di hitungan    jadi bagaimana bisa mengklaim reward nya	,5
474,486,474,Ivan,2024-01-04,	menurut saya simple dan bagus	,5
475,487,475,Ivan,2024-01-04,	curang game nya udh bebrpa kali nonton iklan poin nya gk rubah 	,5
476,488,476,Ivan,2024-01-04,	oke	,5
477,489,477,Ivan,2024-01-04,	ya begitu	,5
478,490,478,Ivan,2024-01-04,	awesome   	,5
479,491,479,Ivan,2024-01-04,	good	,5
480,492,480,Ivan,2024-01-04,	top	,5
481,493,481,Ivan,2024-01-04,	mantap	,5
482,494,482,Ivan,2024-01-04,	all	,5
483,495,483,Ivan,2024-01-04,	nice	,5
484,496,484,Ivan,2024-01-04,	good	,5
485,497,485,Ivan,2024-01-04,	good	,5
486,498,486,Ivan,2024-01-04,	goods  	,5
487,499,487,Ivan,2024-01-04,	good luck	,5
488,500,488,Ivan,2024-01-04,	good job	,5
489,501,0,ivan,2024-01-04,"BAGUS 
sekali",5
490,502,0,ivan,2024-01-04,"BAGUS 
sekali",5
491,503,0,ivan,2024-01-04,"pada tes color plates test kenapa saya selalu mendapatkan      padahal jawaban saya sudah sesuai dengan jawaban check answer dan sudah saya coba segala jawaban dan tetap mendapatkan hasil    
",5
492,504,0,ivan,2024-01-04,"ini bagus buat memperbaiki mata tapi kalo bisa bahasa indonesia aja kalo buat angka masih ngerti kalo bahasa inggrisnya tapi kalo yg lain maaih bisa sedikit ngerti klo bisa di ubah bahasa indonesia aja
",4
